Date,MeetingName
2023-10-05,Ultra Theory
2023-09-14,Tiago Forte: How to Organize Your Digital Life (PARA Method)
2023-09-07,Influence & Persuasion: How to get buy-in for your ideas (Michael Gendler - Founder)
2023-09-06,Q&A with Michael and Tristan (Founders)
2023-08-31,Ultra Theory
2023-08-24,Ultra Theory
2023-08-22,Special Workshop: Master the Pause
2023-08-17,Ultra Theory
2023-08-10,Ultra Theory
2023-08-03,Ultra Theory
2023-07-26,Hot Seat Coaching with Tristan (Founder)
2023-07-20,Ultra Theory
2023-07-18,Q&A with Michael and Tristan (Founders)
2023-07-13,Special Workshop: Infinite Storytelling
2023-07-06,Ultra Theory
2023-07-05,Hot Seat Coaching with Tristan (Founder)
2023-06-29,Ultra Theory
2023-06-23,Special Workshop: Unleash Your Confidence
2023-06-22,Ultra Theory
2023-06-15,Ultra Theory
2023-06-08,Ultra Theory
2023-06-07,Q&A with Michael and Tristan (Founders)
2023-06-01,Ultra Theory
2023-05-25,Ultra Theory
2023-05-24,Special Workshop: Infinite Storytelling
2023-05-22,Stage
2023-05-18,Ultra Theory
2023-05-15,Stage
2023-05-11,Ultra Theory
2023-05-10,Special Workshop: Effortless Conductor
2023-05-05,Special Workshop: Unleash Your Confidence
2023-05-02,Storytelling
2023-10-11,Ultraspeaking Fundamentals (Cohort 20B Rapid & Starter)
2023-10-11,Ultraspeaking Professional L1 (Cohort 4)
2023-10-11,Ultraspeaking Fundamentals (Cohort 20A Rapid)
2023-10-11,Ultraspeaking Fundamentals (Cohort 20A Starter)
2023-10-10,Ultraspeaking Fundamentals (Cohort 20B Rapid & Starter)
2023-10-10,Ultraspeaking Fundamentals (Cohort 20A Rapid)
2023-10-10,Ultraspeaking Fundamentals (Cohort 20A Starter)
2023-10-06,Ultraspeaking Professional L1 (Cohort 4)
2023-10-05,Ultraspeaking Fundamentals (Cohort 20B Rapid & Starter)
2023-10-05,Ultraspeaking Fundamentals (Cohort 20A Rapid)
2023-10-05,Ultraspeaking Fundamentals (Cohort 20A Starter)
2023-10-04,Ultraspeaking Fundamentals (Cohort 20B Rapid & Starter)
2023-10-04,Ultraspeaking Professional L1 (Cohort 4)
2023-10-04,Ultraspeaking Fundamentals (Cohort 20A Rapid)
2023-10-04,Ultraspeaking Fundamentals (Cohort 20A Starter)
2023-10-03,Ultraspeaking Fundamentals (Cohort 20B Rapid & Starter)
2023-10-03,Ultraspeaking Fundamentals (Cohort 20A Rapid)
2023-10-03,Ultraspeaking Fundamentals (Cohort 20A Rapid)
2023-10-03,Ultraspeaking Fundamentals (Cohort 20A Starter)
2023-10-02,Ultraspeaking Professional L1 (Cohort 4)
2023-10-01,Ultraspeaking Professional L1 (Cohort 4)
2023-09-28,Ultraspeaking Fundamentals (Cohort 20B Rapid & Starter)
2023-09-28,Ultraspeaking Fundamentals (Cohort 20A Rapid)
2023-09-28,Ultraspeaking Fundamentals (Cohort 20A Starter)
2023-09-27,Ultraspeaking Professional L1 (Cohort 4)
2023-09-27,Ultraspeaking Fundamentals (Cohort 20B Rapid & Starter)
2023-09-27,Ultraspeaking Fundamentals (Cohort 20A Rapid)
2023-09-27,Ultraspeaking Fundamentals (Cohort 20A Starter)
2023-09-26,Ultraspeaking Fundamentals (Cohort 20B Rapid & Starter)
2023-09-26,Ultraspeaking Fundamentals (Cohort 20B Rapid & Starter)
2023-09-26,Ultraspeaking Fundamentals (Cohort 20A Rapid)
2023-09-26,Ultraspeaking Fundamentals (Cohort 20A Rapid)
2023-09-26,Ultraspeaking Fundamentals (Cohort 20A Starter)
2023-09-11,Ultraspeaking Professional L1 (Cohort 3)
2023-09-08,Ultraspeaking Professional L1 (Cohort 3)
2023-09-07,Ultraspeaking Fundamentals L1 (Cohort 19B Rapid)
2023-09-07,Ultraspeaking Fundamentals L1 (Cohort 19B Starter)
2023-09-07,Ultraspeaking Fundamentals L1 (Cohort 19A Rapid)
2023-09-07,Ultraspeaking Fundamentals L1 (Cohort 19A Starter)
Date,MeetingName
2023-09-06,Ultraspeaking Fundamentals L1 (Cohort 19A Rapid)
2023-09-06,Ultraspeaking Fundamentals L1 (Cohort 19B Rapid)
2023-09-06,Ultraspeaking Fundamentals L1 (Cohort 19B Starter)
2023-09-06,Ultraspeaking Professional L1 (Cohort 3)
2023-09-06,Ultraspeaking Fundamentals L1 (Cohort 19A Rapid)
2023-09-06,Ultraspeaking Fundamentals L1 (Cohort 19A Starter)
2023-09-05,Ultraspeaking Fundamentals L1 (Cohort 19B Rapid)
2023-09-05,Ultraspeaking Fundamentals L1 (Cohort 19B Starter)
2023-09-05,Ultraspeaking Fundamentals L1 (Cohort 19A Rapid)
2023-09-05,Ultraspeaking Fundamentals L1 (Cohort 19A Starter)
2023-09-01,Ultraspeaking Professional L1 (Cohort 3)
2023-08-31,Ultraspeaking Fundamentals L1 (Cohort 19B Starter)
2023-08-31,Ultraspeaking Fundamentals L1 (Cohort 19B Rapid)
2023-08-31,Ultraspeaking Fundamentals L1 (Cohort 19A Rapid)
2023-08-31,Ultraspeaking Fundamentals L1 (Cohort 19A Starter)
2023-08-30,Ultraspeaking Fundamentals L1 (Cohort 19B Rapid)
2023-08-30,Ultraspeaking Fundamentals L1 (Cohort 19B Starter)
2023-08-30,Ultraspeaking Professional L1 (Cohort 3)
2023-08-30,Ultraspeaking Fundamentals L1 (Cohort 19A Rapid)
2023-08-30,Ultraspeaking Fundamentals L1 (Cohort 19A Starter)
2023-08-29,Ultraspeaking Fundamentals L1 (Cohort 19B Rapid)
2023-08-29,Ultraspeaking Fundamentals L1 (Cohort 19B Rapid)
2023-08-29,Ultraspeaking Fundamentals L1 (Cohort 19B Starter)
2023-08-29,Ultraspeaking Fundamentals L1 (Cohort 19A Rapid)
2023-08-29,Ultraspeaking Fundamentals L1 (Cohort 19A Starter)
2023-08-28,Ultraspeaking Professional L1 (Cohort 3)
2023-08-25,Ultraspeaking Professional L1 (Cohort 3)
2023-08-24,Ultraspeaking Fundamentals L1 (Cohort 19B Starter)
2023-08-24,Ultraspeaking Fundamentals L1 (Cohort 19B Rapid)
2023-08-24,Ultraspeaking Fundamentals L1 (Cohort 19A Rapid)
2023-08-24,Ultraspeaking Fundamentals L1 (Cohort 19A Starter)
2023-08-23,Ultraspeaking Fundamentals L1 (Cohort 19B Rapid)
2023-08-23,Ultraspeaking Fundamentals L1 (Cohort 19B Starter)
2023-08-23,Ultraspeaking Professional L1 (Cohort 3)
2023-08-23,Ultraspeaking Fundamentals L1 (Cohort 19A Rapid)
2023-08-23,Ultraspeaking Fundamentals L1 (Cohort 19A Rapid)
2023-08-23,Ultraspeaking Fundamentals L1 (Cohort 19A Starter)
2023-08-22,Ultraspeaking Fundamentals L1 (Cohort 19B Rapid)
2023-08-22,Ultraspeaking Fundamentals L1 (Cohort 19B Starter)
2023-08-22,Ultraspeaking Fundamentals L1 (Cohort 19A Starter)
2023-08-22,Ultraspeaking Fundamentals L1 (Cohort 19A Rapid)
2023-08-21,Ultraspeaking Professional L1 (Cohort 3)
2023-08-18,Ultraspeaking Professional L1 (Cohort 3)
2023-08-17,Ultraspeaking Fundamentals L1 (Cohort 19B Starter)
2023-08-17,Ultraspeaking Fundamentals L1 (Cohort 19B Rapid)
2023-08-17,Ultraspeaking Fundamentals L1 (Cohort 19A Rapid)
2023-08-17,Ultraspeaking Fundamentals L1 (Cohort 19A Starter)
2023-08-16,Ultraspeaking Fundamentals L1 (Cohort 19B Rapid)
2023-08-16,Ultraspeaking Fundamentals L1 (Cohort 19B Starter)
2023-08-16,Ultraspeaking Professional L1 (Cohort 3)
2023-08-16, Ultraspeaking Fundamentals L1 (Cohort 19A Rapid)
2023-08-16, Ultraspeaking Fundamentals L1 (Cohort 19A Starter)
2023-08-15, Ultraspeaking Fundamentals L1 (Cohort 19B Starter)
2023-08-15, Ultraspeaking Fundamentals L1 (Cohort 19B Rapid)
2023-08-15, Ultraspeaking Fundamentals L1 (Cohort 19A Rapid)
2023-08-15, Ultraspeaking Fundamentals L1 (Cohort 19A Starter)
2023-08-14, Ultraspeaking Professional L1 (Cohort 3)
2023-08-12, Ultraspeaking Professional L1 (Cohort 3)
2023-08-12, Ultraspeaking Professional L1 (Cohort 3)
2023-08-12, Ultraspeaking Professional L1 (Cohort 3)
2023-08-10, Ultraspeaking Fundamentals L1 (Cohort 19B Starter)
2023-08-10, Ultraspeaking Fundamentals L1 (Cohort 19B Rapid)
2023-08-10, Ultraspeaking Fundamentals L1 (Cohort 19A Rapid)
2023-08-10, Ultraspeaking Fundamentals L1 (Cohort 19A Starter)
2023-08-09, Ultraspeaking Fundamentals L1 (Cohort 19B Rapid)
2023-08-09, Ultraspeaking Fundamentals L1 (Cohort 19B Starter)
2023-08-09, Ultraspeaking Fundamentals L1 (Cohort 19A Rapid)
2023-08-09, Ultraspeaking Fundamentals L1 (Cohort 19A Starter)
2023-08-08, Ultraspeaking Fundamentals L1 (Cohort 19A Rapid)
2023-08-08, Ultraspeaking Fundamentals L1 (Cohort 19B Rapid)
2023-08-08, Ultraspeaking Fundamentals L1 (Cohort 19B Starter)
2023-08-08, Ultraspeaking Fundamentals L1 (Cohort 19A Rapid)
2023-08-08, Ultraspeaking Fundamentals L1 (Cohort 19A Starter)
2023-08-05, Ultraspeaking Fundamentals L1 (Cohort 19B Starter)
2023-08-05, Ultraspeaking Fundamentals L1 (Cohort 19A Starter)
2023-07-20, Ultraspeaking Fundamentals (Cohort 18B)
2023-07-20, Ultraspeaking Fundamentals (Cohort 18A Rapid)
2023-07-20, Ultraspeaking Fundamentals (Cohort 18A Starter)
2023-07-19, Ultraspeaking Fundamentals (Cohort 18B)
2023-07-19, Ultraspeaking Fundamentals (Cohort 18A Rapid)
2023-07-19, Ultraspeaking Fundamentals (Cohort 18B)
2023-07-19, Ultraspeaking Fundamentals (Cohort 18A Starter)
2023-07-18, Ultraspeaking Fundamentals (Cohort 18B)
2023-07-18, Ultraspeaking Fundamentals (Cohort 18A Starter)
2023-07-18, Ultraspeaking Fundamentals (Cohort 18A Rapid)
2023-07-13, Ultraspeaking Fundamentals (Cohort 18B)
2023-07-13, Ultraspeaking Fundamentals (Cohort 18A Rapid)
2023-07-13, Ultraspeaking Fundamentals (Cohort 18A Starter)
2023-07-12, Ultraspeaking Fundamentals (Cohort 18B)
2023-07-12, Ultraspeaking Fundamentals (Cohort 19A)
2023-07-12, Ultraspeaking Fundamentals (Cohort 18B)
2023-07-12, Ultraspeaking Fundamentals (Cohort 18A Rapid)
2023-07-12, Ultraspeaking Fundamentals (Cohort 18A Starter)
2023-07-11, Ultraspeaking Fundamentals (Cohort 18B)
2023-07-11, Ultraspeaking Fundamentals (Cohort 18B)
2023-07-11, Ultraspeaking Fundamentals (Cohort 18A Rapid)
2023-07-11, Ultraspeaking Fundamentals (Cohort 18A Starter)
2023-07-06, Ultraspeaking Fundamentals (Cohort 18B)
2023-07-06, Ultraspeaking Fundamentals (Cohort 18A Rapid)
2023-07-06, Ultraspeaking Fundamentals (Cohort 18A Starter)
2023-07-05, Ultraspeaking Fundamentals (Cohort 18B)
2023-07-05, Ultraspeaking Fundamentals (Cohort 18A Rapid)
2023-07-05, Ultraspeaking Fundamentals (Cohort 18A Starter)
2023-07-04, Ultraspeaking Fundamentals (Cohort 18B)
2023-07-04, Ultraspeaking Fundamentals (Cohort 18A Starter)
2023-07-04, Ultraspeaking Fundamentals (Cohort 18A Rapid)
2023-06-29, Ultraspeaking Fundamentals (Cohort 18B)
2023-06-29, Ultraspeaking Fundamentals (Cohort 18A Starter)
2023-06-29, Ultraspeaking Fundamentals (Cohort 18A Rapid)
2023-06-28, Ultraspeaking Fundamentals (Cohort 18B)
2023-06-28, Ultraspeaking Fundamentals (Cohort 18A Starter)
2023-06-28, Ultraspeaking Fundamentals (Cohort 18A Rapid)
2023-06-27, Ultraspeaking Fundamentals (Cohort 18B)
2023-06-27, Ultraspeaking Fundamentals (Cohort 18A Rapid)
2023-06-27, Ultraspeaking Fundamentals (Cohort 18A Starter)
2023-06-22, Ultraspeaking Fundamentals (Cohort 18B)
2023-06-22, Ultraspeaking Fundamentals (Cohort 18A Rapid)
2023-06-22, Ultraspeaking Fundamentals (Cohort 18A Starter)
2023-06-21, Ultraspeaking Fundamentals (Cohort 18B)
2023-06-21, 1-1 Pre-Course Assesment
2023-06-21, Ultraspeaking Fundamentals (Cohort 18A Rapid)
2023-06-21, Ultraspeaking Fundamentals (Cohort 18A Starter)
2023-06-20, 1-1 Pre-Course Assesment
2023-06-20, Ultraspeaking Fundamentals (Cohort 18B)
2023-06-20, 1-1 Pre-Course Assesment
2023-06-20, Ultraspeaking Fundamentals (Cohort 18B)
2023-06-20, Ultraspeaking Fundamentals (Cohort 18B)
2023-06-20, Ultraspeaking Fundamentals (Cohort 18A Rapid)
2023-06-20, Ultraspeaking Fundamentals (Cohort 18A Starter)
2023-06-19, 1-1 Pre-Course Assesment
2023-06-19, 1-1 Pre-Course Assesment
2023-06-19, 1-1 Pre-Course Assesment
2023-06-17, 1-1 Pre-Course Assesment
2023-06-16, 1-1 Pre-Course Assesment
2023-06-16, 1-1 Pre-Course Assesment
2023-06-16, 1-1 Pre-Course Assesment
2023-06-14, Ultraspeaking Fundamentals (Cohort 18B)
2023-06-14, Ultraspeaking Fundamentals (Cohort 18A)
2023-06-13, Ultraspeaking Fundamentals (Cohort 18A) OLD
2023-06-09, Ultraspeaking Beyond Fundamentals (Cohort 13)
2023-06-05, Ultraspeaking Beyond Fundamentals (Cohort 13)
2023-06-01, Ultraspeaking Fundamentals (Cohort 17B Starter)
2023-06-01, Ultraspeaking Fundamentals (Cohort 17B)
2023-06-01, Ultraspeaking Fundamentals (Cohort 17A Starter)
2023-06-01, Ultraspeaking Fundamentals (Cohort 17A)
2023-06-01, Ultraspeaking Fundamentals (Cohort 17A)
2023-05-31, Ultraspeaking Fundamentals (Cohort 17B Starter)
2023-05-31, Ultraspeaking Fundamentals (Cohort 17B)
2023-05-31, Ultraspeaking Fundamentals (Cohort 17A Starter)
2023-05-31, Ultraspeaking Fundamentals (Cohort 17A)
2023-05-30, Ultraspeaking Fundamentals (Cohort 17B Starter)
2023-05-30, Ultraspeaking Fundamentals (Cohort 17B)
2023-05-30, Ultraspeaking Fundamentals (Cohort 17A)
2023-05-30, Ultraspeaking Fundamentals (Cohort 17A Starter)
2023-05-26, Ultraspeaking Beyond Fundamentals (Cohort 13)
2023-05-25, Ultraspeaking Fundamentals (Cohort 17B Starter)
2023-05-25, Ultraspeaking Fundamentals (Cohort 17B)
2023-05-25, Ultraspeaking Fundamentals (Cohort 17A)
2023-05-25, Ultraspeaking Fundamentals (Cohort 17A Starter)
2023-05-24, Ultraspeaking Fundamentals (Cohort 17B Starter)
2023-05-24, Ultraspeaking Fundamentals (Cohort 17B)
2023-05-24, Ultraspeaking Fundamentals (Cohort 17B)
2023-05-24, Ultraspeaking Fundamentals (Cohort 17A)
2023-05-24, Ultraspeaking Fundamentals (Cohort 17A Starter)
2023-05-23, Ultraspeaking Fundamentals (Cohort 17B Starter)
2023-05-23, Ultraspeaking Fundamentals (Cohort 17B)
2023-05-23, Ultraspeaking Fundamentals (Cohort 17A)
2023-05-23, Ultraspeaking Fundamentals (Cohort 17A Starter)
2023-05-22, Ultraspeaking Beyond Fundamentals (Cohort 13)
2023-05-19, Ultraspeaking Beyond Fundamentals (Cohort 13)
2023-05-18, Ultraspeaking Fundamentals (Cohort 17B)
2023-05-18, Ultraspeaking Fundamentals (Cohort 17B)
2023-05-18, Ultraspeaking Fundamentals (Cohort 17B Starter)
2023-05-18, Ultraspeaking Fundamentals (Cohort 17A)
2023-05-18, Ultraspeaking Fundamentals (Cohort 17A Starter)
2023-05-17, Ultraspeaking Fundamentals (Cohort 17B Starter)
2023-05-17, Ultraspeaking Fundamentals (Cohort 17B)
2023-05-17, Ultraspeaking Fundamentals (Cohort 17A)
2023-05-17, Ultraspeaking Fundamentals (Cohort 17A Starter)
2023-05-16, Ultraspeaking Fundamentals (Cohort 17B)
2023-05-16, Ultraspeaking Fundamentals (Cohort 17B Starter)
2023-05-16, Ultraspeaking Fundamentals (Cohort 17A)
2023-05-16, Ultraspeaking Fundamentals (Cohort 17A Starter)
2023-05-15, Ultraspeaking Beyond Fundamentals (Cohort 13)
2023-05-12, Ultraspeaking Beyond Fundamentals (Cohort 13)
2023-05-11, Ultraspeaking Fundamentals (Cohort 17B Starter)
2023-05-11, Ultraspeaking Fundamentals (Cohort 17B)
2023-05-11, Ultraspeaking Fundamentals (Cohort 17A)
2023-05-11, Ultraspeaking Fundamentals (Cohort 17A Starter)
2023-05-10, Ultraspeaking Fundamentals (Cohort 17B Starter)
2023-05-10, Ultraspeaking Fundamentals (Cohort 17B)
2023-05-10, Ultraspeaking Fundamentals (Cohort 17A Starter)
2023-05-10, Ultraspeaking Fundamentals (Cohort 17A)
2023-05-09, Ultraspeaking Fundamentals (Cohort 17B Starter)
2023-05-09, Ultraspeaking Fundamentals (Cohort 17B)
2023-05-09, Ultraspeaking Fundamentals (Cohort 17A)
2023-05-09, Ultraspeaking Fundamentals (Cohort 17A Starter)
2023-05-08, Ultraspeaking Beyond Fundamentals (Cohort 13)
2023-05-05, Ultraspeaking Beyond Fundamentals (Cohort 13)
2023-05-04, Ultraspeaking Fundamentals (Cohort 17B)
2023-05-04, Ultraspeaking Fundamentals (Cohort 17B Starter)
2023-05-04, Ultraspeaking Fundamentals (Cohort 17B)
2023-05-04, Ultraspeaking Fundamentals (Cohort 17B)
2023-05-04, Ultraspeaking Fundamentals (Cohort 17A)
2023-05-04, Ultraspeaking Fundamentals (Cohort 17A Starter)
2023-05-03, Ultraspeaking Fundamentals (Cohort 17B)
2023-05-03, Ultraspeaking Fundamentals (Cohort 17B Starter)
2023-05-03, Ultraspeaking Fundamentals (Cohort 17A)
2023-05-03, Ultraspeaking Fundamentals (Cohort 17A Starter)
2023-05-02, Ultraspeaking Fundamentals (Cohort 17B)
2023-05-02, Ultraspeaking Fundamentals (Cohort 17B)
2023-05-02, Ultraspeaking Fundamentals (Cohort 17B Starter)
2023-05-02, Ultraspeaking Fundamentals (Cohort 17A)
2023-05-02, Ultraspeaking Fundamentals (Cohort 17A)
2023-05-02, Ultraspeaking Fundamentals (Cohort 17A Starter)
2023-05-02, Ultraspeaking Fundamentals (Cohort 17B Starter)
2023-05-01, Ultraspeaking Beyond Fundamentals (Cohort 13)
2023-05-01, Ultraspeaking Beyond Fundamentals (Cohort 13)
2023-04-28, Ultraspeaking Beyond Fundamentals (Cohort 13)
2023-04-26, Ultraspeaking Fundamentals (Cohort 17B)
2023-04-26, Ultraspeaking Fundamentals (Cohort 17A)
2023-04-24, Ultraspeaking Beyond Fundamentals (Cohort 13)
2023-04-21, Ultraspeaking Fundamentals (Cohort 17A)
2023-04-19, Ultraspeaking Beyond Fundamentals (Cohort 13)
2023-04-13, Ultraspeaking Fundamentals (Cohort 16B)
2023-04-13, Ultraspeaking Fundamentals (Cohort 16C-BETA)
2023-04-13, Ultraspeaking Fundamentals (Cohort 16B)
2023-04-13, Ultraspeaking Fundamentals (Cohort 16B)
2023-04-13, Ultraspeaking Fundamentals (Cohort 16A)
2023-04-12, Ultraspeaking Fundamentals (Cohort 16B)
2023-04-12, Ultraspeaking Fundamentals (Cohort 16C-BETA)
2023-04-12, Ultraspeaking Fundamentals (Cohort 16A)
2023-04-11, Ultraspeaking Fundamentals (Cohort 16B)
2023-04-11, Ultraspeaking Fundamentals (Cohort 16C-BETA)
2023-04-11, Ultraspeaking Fundamentals (Cohort 16A)
2023-04-06, Ultraspeaking Fundamentals (Cohort 16B)
2023-04-06, Ultraspeaking Fundamentals (Cohort 16C-BETA)
2023-04-06, Ultraspeaking Fundamentals (Cohort 16A)
2023-04-05, Ultraspeaking Fundamentals (Cohort 16B)
2023-04-05, Ultraspeaking Fundamentals (Cohort 16B)
2023-04-05, Ultraspeaking Fundamentals (Cohort 16C-BETA)
2023-04-05, Ultraspeaking Fundamentals (Cohort 16A)
2023-04-04, Ultraspeaking Fundamentals (Cohort 16B)
2023-04-04, Ultraspeaking Fundamentals (Cohort 16C-BETA)
2023-04-04, Ultraspeaking Fundamentals (Cohort 16A)
